{"train_loss_history": [0.21360856620805965, 0.2005032328878061, 0.19963990467872694, 0.19922910446795278, 0.19904274056523874], "val_loss_history": [0.20080078506224566, 0.2001806767058863, 0.20002140763639484, 0.2001537072896038, 0.20013524879220213], "train_f1_history": [0.7695348772693069, 0.965634098781363, 0.9817127506209287, 0.9892434998683126, 0.992430197641661], "val_f1_history": [0.9636258481378064, 0.974394188156579, 0.9745370107258291, 0.9761511350736807, 0.9734919845495044]}